 <web-app xmlns="http://caucho.com/ns/resin">  

   <database>
    <jndi-name>jdbc/smsdb</jndi-name>
    <driver>
       <type>org.h2.jdbcx.JdbcDataSource</type>
       <url>jdbc:h2:/home/vcomp/h2db/$WEBAPP/smsdb;IGNORECASE=TRUE</url>  
       <user>SA</user>
       <password></password>
    </driver>
	      <prepared-statement-cache-size>8</prepared-statement-cache-size>
        <max-connections>40</max-connections> 
        <max-idle-time>30s</max-idle-time> 
   </database> 
 
  <!-- H2 database console servlet ( SMS ) -->
  <servlet>  
       <servlet-name>H2ConsoleSMS</servlet-name>
       <servlet-class>org.h2.server.web.WebServlet</servlet-class>
	     <init-param>
           <param-name>-properties</param-name>
           <param-value>/home/vcomp/h2db/$WEBAPP/smsprop</param-value>
       </init-param>
    <load-on-startup>1</load-on-startup>
  </servlet>
  <servlet-mapping servlet-name="H2ConsoleSMS" url-pattern="/h2smsconsole/*" />

   <!--   
      <context-param>
          <param-name>DISPATCH-INTERVAL</param-name>
          <param-value>1</param-value>
      </context-param> 
   -->
     <context-param>
         <param-name>WEBSMS-DATASOURCE</param-name>
         <param-value>jdbc/smsdb</param-value>
     </context-param> 
   
     <listener>
          <listener-class>com.webapp.sms.SMSService</listener-class>
     </listener>

 </web-app>


        
