 <web-app xmlns="http://caucho.com/ns/resin">  
   
  
    <database>
        <jndi-name>jdbc/maildb</jndi-name>
        <driver>
            <type>org.h2.jdbcx.JdbcDataSource</type>
            <url>jdbc:h2:/home/vcomp/h2db/$WEBAPP/maildb;IGNORECASE=TRUE</url>  
            <user>SA</user>
            <password></password>
        </driver>
	    <prepared-statement-cache-size>8</prepared-statement-cache-size>
        <max-connections>40</max-connections> 
        <max-idle-time>30s</max-idle-time> 
    </database> 
		
 <!-- H2 database console servlet ( MAIL ) -->
  <servlet>  
    <servlet-name>H2ConsoleMAIL</servlet-name>
    <servlet-class>org.h2.server.web.WebServlet</servlet-class>
	<init-param>
        <param-name>-properties</param-name>
        <param-value>/home/vcomp/h2db/$WEBAPP/mailprop</param-value>
    </init-param>
    <load-on-startup>1</load-on-startup>
  </servlet>
  <servlet-mapping servlet-name="H2ConsoleMAIL" url-pattern="/h2mailconsole/*" />		
  
  
   <context-param>
         <param-name>MAIL-DATASOURCE</param-name>
         <param-value>jdbc/maildb</param-value>
    </context-param> 
	
 <servlet servlet-name='single_mail_attach_download' servlet-class='com.webapp.servlet.DbDownload'>
    <init-param SQL-ENGINE="H2" />	 
     <init-param DSN="jdbc/maildb" />
	   <init-param TABLE="singlemailattachments" />
	   <init-param IDFIELD="RecordID" />
	   <init-param DATAFIELD="FileData" />
	   <init-param NAMEFIELD="FileName" />
    </servlet> 
  <servlet-mapping url-pattern='*/singlemailattachmentdownload/*' servlet-name='single_mail_attach_download'/>
	
	<servlet servlet-name='bulk_mail_attach_download' servlet-class='com.webapp.servlet.DbDownload'>
    <init-param SQL-ENGINE="H2" />	 
     <init-param DSN="jdbc/maildb" />
	   <init-param TABLE="bulkmailattachments" />
	   <init-param IDFIELD="RecordID" />
	   <init-param DATAFIELD="FileData" />
	   <init-param NAMEFIELD="FileName" />
    </servlet> 
  <servlet-mapping url-pattern='*/bulkmailattachmentdownload/*' servlet-name='bulk_mail_attach_download'/>

	
	
	<listener>
        <listener-class>com.webapp.mail.GenericMailContextListner</listener-class>
    </listener>
  
 </web-app>


        
